"","appear","mean_satis"
"1",FALSE,0.681818181818182
"2",TRUE,0.861904761904762
