"","appearances","mean"
"1",1,3.79439252336449
"2",2,3.88059701492537
"3",3,3.94736842105263
"4",4,4.2
"5",5,3.6
"6",10,5
"7",12,5
